{
    "Regresi\u00f3n Lineal": {
        "MAE": 0.13079667658133182,
        "RMSE": 0.1642560393527641,
        "R\u00b2": 0.6283512024204128,
        "R\u00b2_CV_mean": 0.6280619032019559,
        "R\u00b2_CV_std": 0.020432942049587878
    },
    "Random Forest": {
        "MAE": 0.10798006503619999,
        "RMSE": 0.14228804601487113,
        "R\u00b2": 0.7211138996515509,
        "R\u00b2_CV_mean": 0.710207629986872,
        "R\u00b2_CV_std": 0.010420117029037602
    },
    "XGBoost": {
        "MAE": 0.10460330761264736,
        "RMSE": 0.13847926259523344,
        "R\u00b2": 0.7358445816984067,
        "R\u00b2_CV_mean": 0.7146008988591633,
        "R\u00b2_CV_std": 0.008750614817152965
    }
}